id,nomeCivil
220538,JOSÉ FRANCISCO LOPES DE ALBUQUERQUE
204423,ANDRÉ FERREIRA RODRIGUES
123756,ANTÔNIA LUCILÉIA CRUZ RAMOS CÂMARA
220574,GILBERTO GOMES DA SILVA
204426,JOSÉ CARLOS VERAS DOS SANTOS
141408,CLEBER VERDE CORDEIRO MENDES
220590,ULYSSES FREITAS PEREIRA DE ARAÚJO
220608,CRISTIANE LOPES DA LUZ
220539,STÉLIO DENER DE SOUZA CRUZ
224117,GABRIEL MOTA E SILVA
204473,ELIÉSER GIRÃO MONTEIRO FILHO
220537,MARIA HELENA TEIXEIRA LIMA
141459,JOÃO DA SILVA MAIA
220662,LUCAS CAVALCANTI RAMOS
220591,ROZIMEIRE RIBEIRO ANDRADE
204406,PEDRO BANDARRA WESTPHALEN
73486,DARCI POMPEO DE MATTOS
204360,SILVIA CRISTINA AMANCIO CHAGAS
160591,VINICIUS DE AZEVEDO GURGEL
220536,JOSÉ HAROLDO FIGUEIREDO CAMPOS
